{
  "ResNet50": {
    "column": {
      "05_0": [1.0, 0.734375, 0.515625, 0.75, 0.7734375, 0.484375, 0.53125, 0.765625, 0.625, 0.78125, 0.765625, 0.5859375, 0.6875, 0.6796875, 0.609375, 0.71875, 0.76171875, 0.3828125, 0.390625, 0.5234375, 0.8515625, 0.578125, 0.6464844, 0.796875, 0.30078125, 0.7949219, 0.59375, 0.5078125, 0.6435547, 0.41796875, 0.765625, 0.6894531, 0.7265625, 0.5390625, 0.5644531, 0.44140625, 0.78125, 0.82714844, 0.3984375, 0.55859375, 0.7128906, 0.3828125, 0.5078125, 0.41308594, 0.4609375, 0.5488281, 0.22607422, 0.31640625, 0.2265625, 0.79296875],
      "05_uni": [1.0, 0.5, 0.5, 0.5, 0.5, 0.5, 0.5, 0.5, 0.5, 0.5, 0.5, 0.5, 0.5, 0.5, 0.5, 0.5, 0.5, 0.5, 0.5, 0.5, 0.5, 0.5, 0.5, 0.5, 0.5, 0.5, 0.5, 0.5, 0.5, 0.5, 0.5, 0.5, 0.5, 0.5, 0.5, 0.5, 0.5, 0.5, 0.5, 0.5, 0.5, 0.5, 0.5, 0.5, 0.5, 0.5, 0.5, 0.5, 0.5, 0.5],

      "01_0": [1.0, 0.3125, 0.359375, 0.359375, 0.328125, 0.34375, 0.359375, 0.3359375, 0.34375, 0.359375, 0.3515625, 0.3359375, 0.34375, 0.32421875, 0.3359375, 0.3671875, 0.34570312, 0.328125, 0.3671875, 0.3203125, 0.3359375, 0.375, 0.3203125, 0.3359375, 0.35546875, 0.32714844, 0.14453125, 0.05078125, 0.049804688, 0.05078125, 0.05078125, 0.049804688, 0.05078125, 0.05078125, 0.049804688, 0.05078125, 0.05078125, 0.049804688, 0.05078125, 0.05078125, 0.049804688, 0.05078125, 0.05078125, 0.049804688, 0.05078125, 0.05078125, 0.049804688, 0.05078125, 0.05078125, 0.049804688],
      "01_uni": [1.0, 0.1, 0.1, 0.1, 0.1, 0.1, 0.1, 0.1, 0.1, 0.1, 0.1, 0.1, 0.1, 0.1, 0.1, 0.1, 0.1, 0.1, 0.1, 0.1, 0.1, 0.1, 0.1, 0.1, 0.1, 0.1, 0.1, 0.1, 0.1, 0.1, 0.1, 0.1, 0.1, 0.1, 0.1, 0.1, 0.1, 0.1, 0.1, 0.1, 0.1, 0.1, 0.1, 0.1, 0.1, 0.1, 0.1, 0.1, 0.1, 0.1]
    },
    "weight": {
      "010_0": [0.07684949, 0.043945312, 0.08935547, 0.11439344, 0.20306396, 0.22113037, 0.09288195, 0.049987793, 0.20092773, 0.19230144, 0.10333252, 0.058494568, 0.08520508, 0.26756456, 0.0496521, 0.11468506, 0.11955431, 0.22994995, 0.07623291, 0.087897405, 0.18252563, 0.13142395, 0.08996582, 0.04031372, 0.20732689, 0.06097412, 0.04115465, 0.02135849, 0.20287323, 0.012256199, 0.050125122, 0.21499252, 0.019780478, 0.17185593, 0.02210617, 0.028481377, 0.16077042, 0.0399971, 0.08458286, 0.01776886, 0.03863907, 0.15341187, 0.25559616, 0.153265, 0.25393295, 0.06595569, 0.09602833, 0.084070206, 0.119478434, 0.105428696, 0.16197681, 0.030180613, 0.109041214, 0.09558691],
      "010_uni": [0.1, 0.1, 0.1, 0.1, 0.1, 0.1, 0.1, 0.1, 0.1, 0.1, 0.1, 0.1, 0.1, 0.1, 0.1, 0.1, 0.1, 0.1, 0.1, 0.1, 0.1, 0.1, 0.1, 0.1, 0.1, 0.1, 0.1, 0.1, 0.1, 0.1, 0.1, 0.1, 0.1, 0.1, 0.1, 0.1, 0.1, 0.1, 0.1, 0.1, 0.1, 0.1, 0.1, 0.1, 0.1, 0.1, 0.1, 0.1, 0.1, 0.1, 0.1, 0.1, 0.1, 0.1],
      "100_uni": [1.0, 1.0, 1.0, 1.0, 1.0, 1.0, 1.0, 1.0, 1.0, 1.0, 1.0, 1.0, 1.0, 1.0, 1.0, 1.0, 1.0, 1.0, 1.0, 1.0, 1.0, 1.0, 1.0, 1.0, 1.0, 1.0, 1.0, 1.0, 1.0, 1.0, 1.0, 1.0, 1.0, 1.0, 1.0, 1.0, 1.0, 1.0, 1.0, 1.0, 1.0, 1.0, 1.0, 1.0, 1.0, 1.0, 1.0, 1.0, 1.0, 1.0, 1.0, 1.0, 1.0, 1.0],

      "001_0": [0.018494898, 0.25683594, 0.23266602, 0.18435329, 0.27093506, 0.18353271, 0.1607259, 0.2619629, 0.19433594, 0.18630642, 0.3322754, 0.22216797, 0.2244873, 0.17854817, 0.3115387, 0.035507202, 0.005004883, 0.005004883, 0.005004883, 0.004998101, 0.005004883, 0.005004883, 0.004998101, 0.005004883, 0.0049991608, 0.0049972534, 0.0049997964, 0.005001068, 0.005001068, 0.0049997964, 0.005001068, 0.005001068, 0.0049997964, 0.005001068, 0.005001068, 0.0049997964, 0.005001068, 0.005001068, 0.0049997964, 0.005001068, 0.005001068, 0.0049997964, 0.005001068, 0.0050001144, 0.0049991608, 0.0049997964, 0.0050001144, 0.0050001144, 0.0049997964, 0.0050001144, 0.0050001144, 0.0049997964, 0.0050001144, 0.005],
      "001_uni": [0.01, 0.01, 0.01, 0.01, 0.01, 0.01, 0.01, 0.01, 0.01, 0.01, 0.01, 0.01, 0.01, 0.01, 0.01, 0.01, 0.01, 0.01, 0.01, 0.01, 0.01, 0.01, 0.01, 0.01, 0.01, 0.01, 0.01, 0.01, 0.01, 0.01, 0.01, 0.01, 0.01, 0.01, 0.01, 0.01, 0.01, 0.01, 0.01, 0.01, 0.01, 0.01, 0.01, 0.01, 0.01, 0.01, 0.01, 0.01, 0.01, 0.01, 0.01, 0.01, 0.01, 0.01]
    }
  }
}