{
  "vgg16": {
    "column": {
      "05_0": [1.0, 0.953125, 0.953125, 1.0, 1.0, 1.0, 0.96484375, 0.98046875, 0.4921875, 0.41796875, 0.39257812, 0.26171875, 0.25390625, 0.34472656, 0.34765625, 0.44921875],
      "05_1": [1.0, 1.0, 1.0, 1.0, 1.0, 1.0, 1.0, 0.69140625, 0.40234375, 0.39453125, 0.31445312, 0.27734375, 0.3125, 0.6904297, 0.8828125, 0.66796875],
      "05_2": [1.0, 0.953125, 1.0, 1.0, 0.9609375, 0.9765625, 1.0, 1.0, 0.29296875, 0.40429688, 0.26953125, 0.28320312, 0.24804688, 0.8183594, 0.89453125, 0.67578125],
      "05_3": [1.0, 0.984375, 0.9375, 1.0, 0.9921875, 0.96484375, 1.0, 0.77734375, 0.328125, 0.44726562, 0.26953125, 0.28710938, 0.27148438, 0.8144531, 0.87890625, 0.95703125],
      "05_4": [1.0, 1.0, 0.96875, 0.9453125, 0.984375, 0.9453125, 0.90625, 0.67578125, 0.3671875, 0.44140625, 0.34960938, 0.3125, 0.26171875, 0.7475586, 0.98046875, 0.98828125],

      "01_0": [1.0, 0.15625, 0.078125, 0.109375, 0.0546875, 0.16796875, 0.45703125, 0.0546875, 0.24804688, 0.076171875, 0.05078125, 0.05078125, 0.05078125, 0.049804688, 0.05078125, 0.05078125],
      "01_1": [1.0, 0.265625, 0.34375, 0.2890625, 0.484375, 0.5, 0.05078125, 0.05078125, 0.05078125, 0.05078125, 0.05078125, 0.05078125, 0.05078125, 0.049804688, 0.05078125, 0.05078125],
      "01_2": [1.0, 0.25, 0.328125, 0.2578125, 0.4609375, 0.5, 0.07421875, 0.05078125, 0.05078125, 0.05078125, 0.05078125, 0.05078125, 0.05078125, 0.049804688, 0.05078125, 0.05078125],
      "01_3": [1.0, 0.28125, 0.34375, 0.2890625, 0.4921875, 0.48828125, 0.05078125, 0.05078125, 0.05078125, 0.05078125, 0.05078125, 0.05078125, 0.05078125, 0.049804688, 0.05078125, 0.05078125],
      "01_4": [1.0, 0.1875, 0.25, 0.1796875, 0.390625, 0.4765625, 0.15625, 0.05078125, 0.05078125, 0.05078125, 0.05078125, 0.05078125, 0.05078125, 0.049804688, 0.05078125, 0.05078125]
    },
    "weight": {
      "010_0": [0.47627315, 0.41227213, 0.49362522, 0.5, 0.5, 0.35927665, 0.4042867, 0.1584159, 0.050000086, 0.050000086, 0.050000086, 0.050000086, 0.050000086, 0.049999237, 0.05000305, 0.05],
      "010_1": [0.27083334, 0.39662, 0.3424208, 0.48691812, 0.26520115, 0.2662252, 0.3688439, 0.32545894, 0.11398019, 0.047225527, 0.02531857, 0.02151235, 0.020067427, 0.028465271, 0.30273438, 0.22382812],
      "010_2": [0.25752315, 0.33374023, 0.31266275, 0.36391196, 0.2878486, 0.34818015, 0.2783966, 0.15779199, 0.113854304, 0.06933594, 0.01543045, 0.02218204, 0.023665534, 0.119132996, 0.0975647, 0.1609375],
      "010_3": [0.5190972, 0.6958008, 0.50405544, 0.2881809, 0.58928084, 0.6485087, 0.40308464, 0.12911224, 0.08920458, 0.0807741, 0.010000017, 0.010000017, 0.010000017, 0.010000229, 0.009994507, 0.01015625],
      "010_4": [0.45891204, 0.5638292, 0.50598145, 0.46653917, 0.38275146, 0.3038059, 0.3778551, 0.11457147, 0.05197949, 0.03198878, 0.01044337, 0.042296514, 0.037329778, 0.49629402, 0.4452057, 0.5625],

      "001_0": [0.0787037, 0.031548396, 0.16349284, 0.06348334, 0.06222534, 0.038231745, 0.036571927, 0.0049997964, 0.0050002206, 0.0049997964, 0.0050002206, 0.0049997964, 0.0050002206, 0.0049991608, 0.005004883, 0.005078125],
      "001_1": [0.11921296, 0.11319987, 0.11553277, 0.11853027, 0.06631809, 0.033852473, 0.025916206, 0.0049997964, 0.0050002206, 0.0049997964, 0.0050002206, 0.0049997964, 0.0050002206, 0.0049991608, 0.005004883, 0.005078125],
      "001_2": [0.098958336, 0.09564887, 0.079603404, 0.110968694, 0.05473497, 0.0453576, 0.027740479, 0.0049997964, 0.0050002206, 0.0049997964, 0.0050002206, 0.0049997964, 0.0050002206, 0.0049991608, 0.005004883, 0.005078125],
      "001_3": [0.17592593, 0.098090276, 0.09829373, 0.11579047, 0.06153361, 0.027050443, 0.0387285, 0.0049997964, 0.0050002206, 0.0049997964, 0.0050002206, 0.0049997964, 0.0050002206, 0.0049991608, 0.005004883, 0.005078125],
      "001_4": [0.09606481, 0.106526695, 0.07584635, 0.09891086, 0.057006836, 0.0438758, 0.030899048, 0.0049997964, 0.0050002206, 0.0049997964, 0.0050002206, 0.0049997964, 0.0050002206, 0.0049991608, 0.005004883, 0.005078125]
    }
  },
  "resnet18_adv": {
    "column": {
      "05_0": [1.0, 0.703125, 0.6875, 0.734375, 0.703125, 0.765625, 0.7421875, 0.7734375, 0.71875, 0.75, 0.640625, 0.65625, 0.73046875, 0.578125, 0.375, 0.27734375, 0.41601562, 0.7421875],
      "05_1": [1.0, 0.75, 0.65625, 0.484375, 0.765625, 0.828125, 0.78125, 0.515625, 0.5, 0.6015625, 0.6171875, 0.66796875, 0.62890625, 0.625, 0.50390625, 0.38671875, 0.5058594, 0.33984375],
      "05_2": [1.0, 0.59375, 0.53125, 0.609375, 0.625, 0.625, 0.5625, 0.515625, 0.671875, 0.671875, 0.55078125, 0.6796875, 0.671875, 0.515625, 0.48632812, 0.32617188, 0.45507812, 0.6738281],
      "05_3": [1.0, 0.625, 0.546875, 0.625, 0.640625, 0.65625, 0.5859375, 0.5390625, 0.6953125, 0.6953125, 0.58984375, 0.7109375, 0.69921875, 0.5390625, 0.44726562, 0.30273438, 0.421875, 0.7441406],
      "05_4": [1.0, 0.796875, 0.84375, 0.796875, 0.796875, 0.734375, 0.7421875, 0.7734375, 0.7578125, 0.6796875, 0.6484375, 0.671875, 0.66015625, 0.50390625, 0.33203125, 0.3515625, 0.40429688, 0.7871094],

      "01_0": [1.0, 0.5, 0.4375, 0.5, 0.40625, 0.5, 0.5, 0.4296875, 0.0546875, 0.046875, 0.05078125, 0.05078125, 0.05078125, 0.05078125, 0.05078125, 0.05078125, 0.05078125, 0.05078125],
      "01_1": [1.0, 0.4375, 0.4375, 0.484375, 0.5, 0.5, 0.5, 0.40625, 0.0546875, 0.046875, 0.05078125, 0.05078125, 0.05078125, 0.05078125, 0.05078125, 0.05078125, 0.05078125, 0.05078125],
      "01_2": [1.0, 0.5, 0.484375, 0.5, 0.5, 0.484375, 0.5, 0.375, 0.0546875, 0.046875, 0.05078125, 0.05078125, 0.05078125, 0.05078125, 0.05078125, 0.05078125, 0.05078125, 0.05078125],
      "01_3": [1.0, 0.4375, 0.4375, 0.484375, 0.5, 0.5, 0.5, 0.40625, 0.0546875, 0.046875, 0.05078125, 0.05078125, 0.05078125, 0.05078125, 0.05078125, 0.05078125, 0.05078125, 0.05078125],
      "01_4": [1.0, 0.4375, 0.4375, 0.484375, 0.5, 0.5, 0.5, 0.40625, 0.0546875, 0.046875, 0.05078125, 0.05078125, 0.05078125, 0.05078125, 0.05078125, 0.05078125, 0.05078125, 0.05078125]
    },
    "weight": {
      "010_0": [0.07118055, 0.04977756, 0.08856879, 0.08558485, 0.083089195, 0.072753906, 0.11564127, 0.102261014, 0.096713595, 0.09240723, 0.09741211, 0.14050971, 0.119025335, 0.12648518, 0.10509576, 0.07019806, 0.09788259, 0.06345071, 0.09138404, 0.11546665, 0.12226562],
      "010_1": [0.3773148, 0.40456814, 0.38886178, 0.36086696, 0.40890843, 0.32946777, 0.27475315, 0.2916599, 0.27400038, 0.22816297, 0.17327881, 0.2265591, 0.17197503, 0.15037197, 0.18083699, 0.10762787, 0.12961324, 0.057235718, 0.044972315, 0.04528088, 0.046679687],
      "010_2": [0.083333336, 0.23659939, 0.2265625, 0.21698676, 0.19167751, 0.21875, 0.22732204, 0.20318604, 0.21155463, 0.17496067, 0.24160767, 0.1891988, 0.09551324, 0.26538932, 0.16210938, 0.1515274, 0.076680504, 0.088876516, 0.040534973, 0.057321336, 0.19765624],
      "010_3": [0.07581019, 0.03024631, 0.19680446, 0.087131076, 0.17203777, 0.22387695, 0.23649089, 0.08065457, 0.038553875, 0.05992296, 0.03866577, 0.230228, 0.15141805, 0.100767344, 0.2288208, 0.12529755, 0.12736511, 0.0951661, 0.04409239, 0.06331126, 0.14082031],
      "010_4": [0.15277778, 0.046440974, 0.028130425, 0.097846135, 0.17054579, 0.07507324, 0.24211968, 0.16606988, 0.20134142, 0.16726345, 0.18008423, 0.19241333, 0.09691366, 0.20140754, 0.110185415, 0.09132385, 0.0949707, 0.09478039, 0.020026313, 0.05156284, 0.111523435],

      "001_0": [0.056712963, 0.099989146, 0.07600912, 0.099989146, 0.058159724, 0.08227539, 0.03721788, 0.10000271, 0.09870741, 0.059699163, 0.09753418, 0.09999932, 0.026185777, 0.0010002984, 0.0010002984, 0.0009994507, 0.0010002984, 0.0009998746, 0.0009998746, 0.0009998746, 0.001171875],
      "001_1": [0.44907406, 0.48291016, 0.22694227, 0.21318902, 0.030463325, 0.2376709, 0.117241755, 0.075941294, 0.004998101, 0.004998101, 0.005004883, 0.005001492, 0.0049997964, 0.0049997964, 0.0049997964, 0.0049972534, 0.0049997964, 0.0050002206, 0.0049997964, 0.0050002206, 0.005078125],