{
  "vgg16": {
    "column": {
      "05_0": [1.0, 1.0, 0.984375, 1.0, 1.0, 0.9375, 0.921875, 0.9921875, 0.5175781, 0.4453125, 0.36914062, 0.23046875, 0.24414062, 0.2475586, 0.5859375, 0.6484375],
      "05_1": [1.0, 0.984375, 0.96875, 1.0, 0.953125, 1.0, 0.953125, 0.95703125, 0.41992188, 0.3046875, 0.34765625, 0.19921875, 0.31640625, 0.6435547, 0.84765625, 0.9765625],
      "05_2": [1.0, 0.984375, 0.96875, 1.0, 0.953125, 1.0, 0.953125, 0.95703125, 0.43554688, 0.28320312, 0.33398438, 0.21679688, 0.36132812, 0.5288086, 0.94921875, 0.95703125],
      "05_3": [1.0, 1.0, 0.71875, 1.0, 0.6953125, 1.0, 1.0, 0.65234375, 0.24804688, 0.5332031, 0.4765625, 0.33789062, 0.34960938, 0.4321289, 0.55859375, 1.0],
      "05_4": [1.0, 1.0, 1.0, 0.9296875, 1.0, 1.0, 0.96875, 0.984375, 0.30664062, 0.49023438, 0.24804688, 0.21875, 0.2265625, 0.9140625, 0.74609375, 0.91015625],

      "01_0": [1.0, 0.203125, 0.390625, 0.109375, 0.3515625, 0.390625, 0.1875, 0.15625, 0.05078125, 0.05078125, 0.05078125, 0.05078125, 0.05078125, 0.049804688, 0.05078125, 0.05078125],
      "01_1": [1.0, 0.390625, 0.3125, 0.1796875, 0.5, 0.19140625, 0.34375, 0.125, 0.05078125, 0.05078125, 0.05078125, 0.05078125, 0.05078125, 0.049804688, 0.05078125, 0.05078125],
      "01_2": [1.0, 0.390625, 0.3125, 0.1796875, 0.5, 0.19140625, 0.34375, 0.125, 0.05078125, 0.05078125, 0.05078125, 0.05078125, 0.05078125, 0.049804688, 0.05078125, 0.05078125],
      "01_3": [1.0, 0.390625, 0.3125, 0.1796875, 0.5, 0.19140625, 0.34375, 0.125, 0.05078125, 0.05078125, 0.05078125, 0.05078125, 0.05078125, 0.049804688, 0.05078125, 0.05078125],
      "01_4": [1.0, 0.390625, 0.3125, 0.1796875, 0.5, 0.1953125, 0.34765625, 0.1171875, 0.05078125, 0.05078125, 0.05078125, 0.05078125, 0.05078125, 0.049804688, 0.05078125, 0.05078125]
    },
    "weight": {
      "010_0": [0.7054398, 0.7999946, 0.7241482, 0.7109375, 0.5362176, 0.21506923, 0.25430298, 0.12902577, 0.0725051, 0.02571106, 0.03643036, 0.056192186, 0.083146416, 0.13480186, 0.10757446, 0.1390625],
      "010_1": [0.4375, 0.47441947, 0.45912, 0.44602457, 0.3941074, 0.35334098, 0.30593362, 0.23928918, 0.123931885, 0.10849253, 0.010000017, 0.010000017, 0.010000017, 0.010000229, 0.009994507, 0.01015625],
      "010_2": [0.40104166, 0.20855035, 0.40686035, 0.4538235, 0.46569484, 0.18759495, 0.45628867, 0.33281368, 0.11451128, 0.056689367, 0.024687449, 0.010000017, 0.010000017, 0.010000229, 0.009994507, 0.01015625],
      "010_3": [0.4693287, 0.38875327, 0.4364692, 0.3935547, 0.36029053, 0.2170122, 0.33870444, 0.095976934, 0.118295036, 0.04652193, 0.023162842, 0.08376566, 0.045717876, 0.13885689, 0.26506042, 0.378125],
      "010_4": [0.3576389, 0.29779732, 0.32210287, 0.37972006, 0.29681057, 0.34872437, 0.27669442, 0.11941867, 0.099984065, 0.049137115, 0.011714512, 0.0137091745, 0.08627658, 0.15012932, 0.20793152, 0.209375],

      "001_0": [0.49131945, 0.5, 0.49590385, 0.1489936, 0.005001492, 0.0049997964, 0.0049997964, 0.0049997964, 0.0050002206, 0.0049997964, 0.0050002206, 0.0049997964, 0.0050002206, 0.0049991608, 0.005004883, 0.005078125],
      "001_1": [0.5, 0.5, 0.45277235, 0.17045763, 0.005001492, 0.0049997964, 0.0049997964, 0.0049997964, 0.0050002206, 0.0049997964, 0.0050002206, 0.0049997964, 0.0050002206, 0.0049991608, 0.005004883, 0.005078125],
      "001_2": [0.5, 0.5, 0.5, 0.1468438, 0.005001492, 0.0049997964, 0.0049997964, 0.0049997964, 0.0050002206, 0.0049997964, 0.0050002206, 0.0049997964, 0.0050002206, 0.0049991608, 0.005004883, 0.005078125],
      "001_3": [0.5, 0.5, 0.48583984, 0.15392388, 0.005001492, 0.0049997964, 0.0049997964, 0.0049997964, 0.0050002206, 0.0049997964, 0.0050002206, 0.0049997964, 0.0050002206, 0.0049991608, 0.005004883, 0.005078125],
      "001_4": [0.49421296, 0.4987793, 0.4825304, 0.1559516, 0.005001492, 0.0049997964, 0.0049997964, 0.0049997964, 0.0050002206, 0.0049997964, 0.0050002206, 0.0049997964, 0.0050002206, 0.0049991608, 0.005004883, 0.005078125]
    }
  },
  "resnet18_adv": {
    "column": {
      "05_0": [1.0, 1.0, 1.0, 1.0, 1.0, 0.96875, 0.8671875, 1.0, 0.9453125, 0.8359375, 0.3203125, 1.0, 0.578125, 0.828125, 0.2109375, 0.6328125, 0.25, 0.69140625],
      "05_1": [1.0, 0.8125, 0.984375, 0.734375, 0.953125, 1.0, 1.0, 1.0, 0.8984375, 0.8515625, 0.91796875, 0.51171875, 0.796875, 0.46875, 0.4453125, 0.33007812, 0.26171875, 0.7089844],
      "05_2": [1.0, 0.921875, 0.953125, 0.953125, 0.890625, 1.0, 1.0, 1.0, 0.984375, 0.9921875, 0.47265625, 0.95703125, 0.49609375, 0.609375, 0.2890625, 0.41015625, 0.27734375, 0.8027344],
      "05_3": [1.0, 0.921875, 0.421875, 1.0, 0.6875, 0.765625, 1.0, 1.0, 0.5625, 0.7890625, 0.8828125, 0.43359375, 0.3359375, 0.765625, 0.28320312, 0.6230469, 0.3359375, 0.6621094],
      "05_4": [1.0, 1.0, 1.0, 1.0, 1.0, 1.0, 0.859375, 0.765625, 0.8203125, 0.6328125, 0.64453125, 0.62109375, 0.5859375, 0.609375, 0.40625, 0.41210938, 0.31445312, 0.7207031],

      "01_0": [1.0, 0.125, 0.15625, 0.125, 0.125, 0.046875, 0.1640625, 0.1171875, 0.0546875, 0.1953125, 0.1171875, 0.13671875, 0.13671875, 0.17578125, 0.068359375, 0.068359375, 0.12109375, 0.056640625],
      "01_1": [1.0, 0.140625, 0.125, 0.125, 0.125, 0.15625, 0.1640625, 0.125, 0.140625, 0.15625, 0.1171875, 0.109375, 0.11328125, 0.1328125, 0.08984375, 0.095703125, 0.078125, 0.060546875],
      "01_2": [1.0, 0.078125, 0.078125, 0.1875, 0.125, 0.109375, 0.1796875, 0.125, 0.1171875, 0.140625, 0.12109375, 0.16796875, 0.08203125, 0.25, 0.06640625, 0.072265625, 0.076171875, 0.05859375],
      "01_3": [1.0, 0.25, 0.09375, 0.0625, 0.109375, 0.21875, 0.2265625, 0.234375, 0.15625, 0.125, 0.1328125, 0.109375, 0.05078125, 0.1953125, 0.15625, 0.05078125, 0.05078125, 0.05078125],
      "01_4": [1.0, 0.0625, 0.0625, 0.078125, 0.0625, 0.046875, 0.078125, 0.078125, 0.078125, 0.1171875, 0.12890625, 0.125, 0.1484375, 0.21875, 0.072265625, 0.07421875, 0.0703125, 0.056640625]
    },
    "weight": {
      "010_0": [0.13020833, 0.53149414, 0.5145671, 0.17355686, 0.5435384, 0.37270778, 0.18046062, 0.5004883, 0.06576877, 0.67685276, 0.1789449, 0.20067003, 0.44311523, 0.17880079, 0.06928507, 0.21734364, 0.034864213, 0.43701935, 0.021808624, 0.025060866, 0.44472656],
      "010_1": [0.3871528, 0.13511828, 0.06640625, 0.1175944, 0.08685981, 0.034057617, 0.18307835, 0.063924156, 0.104281954, 0.18699816, 0.17333984, 0.13528782, 0.035571627, 0.059244793, 0.23173863, 0.2707901, 0.09258694, 0.08969286, 0.111374326, 0.07515674, 0.009960937],
      "010_2": [0.082175925, 0.16243489, 0.111680776, 0.13134766, 0.103271484, 0.19055176, 0.12689887, 0.14964464, 0.10744222, 0.10546875, 0.20080566, 0.16226196, 0.11995612, 0.12195163, 0.15661791, 0.19159698, 0.11644575, 0.084948644, 0.09730021, 0.05960931, 0.16796875],
      "010_3": [0.08796296, 0.18454319, 0.13102214, 0.15001085, 0.12093099, 0.23144531, 0.1218533, 0.1415473, 0.098971896, 0.09769016, 0.21810913, 0.13958062, 0.09425354, 0.10001627, 0.13748847, 0.20334625, 0.087514244, 0.071474284, 0.09991328, 0.078523, 0.31523436],
      "010_4": [0.13136575, 0.16563585, 0.17860243, 0.18139648, 0.10289171, 0.06506348, 0.055840388, 0.15673828, 0.11190457, 0.06934272, 0.18603516, 0.08053928, 0.050871108, 0.12276035, 0.10731167, 0.21309662, 0.14248317, 0.09493891, 0.024796804, 0.06412336, 0.28691405],

      "001_0": [0.19791667, 0.19675022, 0.10877821, 0.13669163, 0.1907552, 0.113091365, 0.13044569, 0.16638184, 0.039605036, 0.004998101, 0.005001492, 0.0049997964, 0.005004883, 0.0049997964, 0.0049997964, 0.0049997964, 0.0050002206, 0.0049972534, 0.0049997964, 0.0050002206, 0.005078125],
      "001_1": [0.27719906, 0.27948678, 0.2702908, 0.055148654, 0.4109429, 0.21569824, 0.23440212, 0.005004883, 0.004998101, 0.004998101, 0.005004883, 0.005001492, 0.0049997964, 0.0049997964, 0.0049997964, 0.0049972534, 0.0049997964, 0.0050002206, 0.0049997964, 0.0050002206, 0.005078125],